{
  "model_name": "Llama-2-7b-hf",
  "dataset": "wikitext2",
  "loss": {
    "0.self_attn.q_proj": 0.011205673217773438,
    "0.self_attn.k_proj": 0.010633468627929688,
    "0.self_attn.v_proj": 0.023021697998046875,
    "0.self_attn.o_proj": 0.011140823364257812,
    "0.mlp.gate_proj": 0.010614395141601562,
    "0.mlp.up_proj": 0.010644912719726562,
    "0.mlp.down_proj": 0.010850906372070312,
    "1.self_attn.q_proj": 0.010694503784179688,
    "1.self_attn.k_proj": 0.010637283325195312,
    "1.self_attn.v_proj": 0.219207763671875,
    "1.self_attn.o_proj": 0.011434555053710938,
    "1.mlp.gate_proj": 0.010831832885742188,
    "1.mlp.up_proj": 0.010951995849609375,
    "1.mlp.down_proj": 0.42742919921875,
    "2.self_attn.q_proj": 0.010732650756835938,
    "2.self_attn.k_proj": 0.010562896728515625,
    "2.self_attn.v_proj": 0.013399124145507812,
    "2.self_attn.o_proj": 0.01140594482421875,
    "2.mlp.gate_proj": 0.011137008666992188,
    "2.mlp.up_proj": 0.011522293090820312,
    "2.mlp.down_proj": 0.01212310791015625,
    "3.self_attn.q_proj": 0.011045455932617188,
    "3.self_attn.k_proj": 0.010728836059570312,
    "3.self_attn.v_proj": 0.012849807739257812,
    "3.self_attn.o_proj": 0.010990142822265625,
    "3.mlp.gate_proj": 0.011287689208984375,
    "3.mlp.up_proj": 0.011714935302734375,
    "3.mlp.down_proj": 0.012111663818359375,
    "4.self_attn.q_proj": 0.010883331298828125,
    "4.self_attn.k_proj": 0.010656356811523438,
    "4.self_attn.v_proj": 0.014123916625976562,
    "4.self_attn.o_proj": 0.010999679565429688,
    "4.mlp.gate_proj": 0.011785507202148438,
    "4.mlp.up_proj": 0.012006759643554688,
    "4.mlp.down_proj": 0.011951446533203125,
    "5.self_attn.q_proj": 0.010950088500976562,
    "5.self_attn.k_proj": 0.010814666748046875,
    "5.self_attn.v_proj": 0.013179779052734375,
    "5.self_attn.o_proj": 0.011323928833007812,
    "5.mlp.gate_proj": 0.011392593383789062,
    "5.mlp.up_proj": 0.011548995971679688,
    "5.mlp.down_proj": 0.012002944946289062,
    "6.self_attn.q_proj": 0.011135101318359375,
    "6.self_attn.k_proj": 0.010951995849609375,
    "6.self_attn.v_proj": 0.012983322143554688,
    "6.self_attn.o_proj": 0.011056900024414062,
    "6.mlp.gate_proj": 0.011495590209960938,
    "6.mlp.up_proj": 0.012054443359375,
    "6.mlp.down_proj": 0.0119476318359375,
    "7.self_attn.q_proj": 0.01085662841796875,
    "7.self_attn.k_proj": 0.01081085205078125,
    "7.self_attn.v_proj": 0.012424468994140625,
    "7.self_attn.o_proj": 0.0110626220703125,
    "7.mlp.gate_proj": 0.011409759521484375,
    "7.mlp.up_proj": 0.0118255615234375,
    "7.mlp.down_proj": 0.011804580688476562,
    "8.self_attn.q_proj": 0.011083602905273438,
    "8.self_attn.k_proj": 0.010709762573242188,
    "8.self_attn.v_proj": 0.012594223022460938,
    "8.self_attn.o_proj": 0.011369705200195312,
    "8.mlp.gate_proj": 0.011272430419921875,
    "8.mlp.up_proj": 0.011587142944335938,
    "8.mlp.down_proj": 0.01171112060546875,
    "9.self_attn.q_proj": 0.010839462280273438,
    "9.self_attn.k_proj": 0.010919570922851562,
    "9.self_attn.v_proj": 0.013111114501953125,
    "9.self_attn.o_proj": 0.011295318603515625,
    "9.mlp.gate_proj": 0.01128387451171875,
    "9.mlp.up_proj": 0.011615753173828125,
    "9.mlp.down_proj": 0.01169586181640625,
    "10.self_attn.q_proj": 0.010881423950195312,
    "10.self_attn.k_proj": 0.010944366455078125,
    "10.self_attn.v_proj": 0.012699127197265625,
    "10.self_attn.o_proj": 0.011425018310546875,
    "10.mlp.gate_proj": 0.011257171630859375,
    "10.mlp.up_proj": 0.011507034301757812,
    "10.mlp.down_proj": 0.011531829833984375,
    "11.self_attn.q_proj": 0.011226654052734375,
    "11.self_attn.k_proj": 0.01102447509765625,
    "11.self_attn.v_proj": 0.013214111328125,
    "11.self_attn.o_proj": 0.011121749877929688,
    "11.mlp.gate_proj": 0.011106491088867188,
    "11.mlp.up_proj": 0.0115814208984375,
    "11.mlp.down_proj": 0.011470794677734375,
    "12.self_attn.q_proj": 0.011003494262695312,
    "12.self_attn.k_proj": 0.010839462280273438,
    "12.self_attn.v_proj": 0.012500762939453125,
    "12.self_attn.o_proj": 0.011219024658203125,
    "12.mlp.gate_proj": 0.0113067626953125,
    "12.mlp.up_proj": 0.011423110961914062,
    "12.mlp.down_proj": 0.011590957641601562,
    "13.self_attn.q_proj": 0.010896682739257812,
    "13.self_attn.k_proj": 0.010938644409179688,
    "13.self_attn.v_proj": 0.01203155517578125,
    "13.self_attn.o_proj": 0.011211395263671875,
    "13.mlp.gate_proj": 0.011339187622070312,
    "13.mlp.up_proj": 0.011348724365234375,
    "13.mlp.down_proj": 0.011751174926757812,
    "14.self_attn.q_proj": 0.010822296142578125,
    "14.self_attn.k_proj": 0.010866165161132812,
    "14.self_attn.v_proj": 0.012533187866210938,
    "14.self_attn.o_proj": 0.01123046875,
    "14.mlp.gate_proj": 0.011266708374023438,
    "14.mlp.up_proj": 0.011440277099609375,
    "14.mlp.down_proj": 0.011610031127929688,
    "15.self_attn.q_proj": 0.010898590087890625,
    "15.self_attn.k_proj": 0.010814666748046875,
    "15.self_attn.v_proj": 0.012744903564453125,
    "15.self_attn.o_proj": 0.011209487915039062,
    "15.mlp.gate_proj": 0.011247634887695312,
    "15.mlp.up_proj": 0.01157379150390625,
    "15.mlp.down_proj": 0.01187896728515625,
    "16.self_attn.q_proj": 0.010892868041992188,
    "16.self_attn.k_proj": 0.010711669921875,
    "16.self_attn.v_proj": 0.01230621337890625,
    "16.self_attn.o_proj": 0.011209487915039062,
    "16.mlp.gate_proj": 0.011320114135742188,
    "16.mlp.up_proj": 0.011472702026367188,
    "16.mlp.down_proj": 0.01192474365234375,
    "17.self_attn.q_proj": 0.010782241821289062,
    "17.self_attn.k_proj": 0.010776519775390625,
    "17.self_attn.v_proj": 0.011774063110351562,
    "17.self_attn.o_proj": 0.01097869873046875,
    "17.mlp.gate_proj": 0.01126861572265625,
    "17.mlp.up_proj": 0.011579513549804688,
    "17.mlp.down_proj": 0.0121002197265625,
    "18.self_attn.q_proj": 0.010816574096679688,
    "18.self_attn.k_proj": 0.010786056518554688,
    "18.self_attn.v_proj": 0.011676788330078125,
    "18.self_attn.o_proj": 0.010890960693359375,
    "18.mlp.gate_proj": 0.011350631713867188,
    "18.mlp.up_proj": 0.011514663696289062,
    "18.mlp.down_proj": 0.01206207275390625,
    "19.self_attn.q_proj": 0.010850906372070312,
    "19.self_attn.k_proj": 0.010728836059570312,
    "19.self_attn.v_proj": 0.011362075805664062,
    "19.self_attn.o_proj": 0.010869979858398438,
    "19.mlp.gate_proj": 0.011312484741210938,
    "19.mlp.up_proj": 0.01151275634765625,
    "19.mlp.down_proj": 0.012025833129882812,
    "20.self_attn.q_proj": 0.010740280151367188,
    "20.self_attn.k_proj": 0.010776519775390625,
    "20.self_attn.v_proj": 0.011346817016601562,
    "20.self_attn.o_proj": 0.01090240478515625,
    "20.mlp.gate_proj": 0.011335372924804688,
    "20.mlp.up_proj": 0.011524200439453125,
    "20.mlp.down_proj": 0.0122833251953125,
    "21.self_attn.q_proj": 0.010717391967773438,
    "21.self_attn.k_proj": 0.010690689086914062,
    "21.self_attn.v_proj": 0.011236190795898438,
    "21.self_attn.o_proj": 0.010761260986328125,
    "21.mlp.gate_proj": 0.01146697998046875,
    "21.mlp.up_proj": 0.011404037475585938,
    "21.mlp.down_proj": 0.01213836669921875,
    "22.self_attn.q_proj": 0.010786056518554688,
    "22.self_attn.k_proj": 0.0107421875,
    "22.self_attn.v_proj": 0.011211395263671875,
    "22.self_attn.o_proj": 0.010837554931640625,
    "22.mlp.gate_proj": 0.01146697998046875,
    "22.mlp.up_proj": 0.011552810668945312,
    "22.mlp.down_proj": 0.011941909790039062,
    "23.self_attn.q_proj": 0.010723114013671875,
    "23.self_attn.k_proj": 0.010707855224609375,
    "23.self_attn.v_proj": 0.011157989501953125,
    "23.self_attn.o_proj": 0.01079559326171875,
    "23.mlp.gate_proj": 0.011480331420898438,
    "23.mlp.up_proj": 0.011463165283203125,
    "23.mlp.down_proj": 0.011728286743164062,
    "24.self_attn.q_proj": 0.010648727416992188,
    "24.self_attn.k_proj": 0.01076507568359375,